file.name,name,type,check,to.run,neutralised
AD.R,AD,method,TRUE,FALSE,TRUE
KS.R,KS,method,TRUE,FALSE,TRUE
Mood.R,Mood,method,TRUE,FALSE,TRUE
TTest_VarUnequal.R,TTest_VarUnequal,method,TRUE,FALSE,TRUE
VW.R,VW,method,TRUE,FALSE,TRUE
WMW_Asymp.R,WMW_Asymp,method,TRUE,FALSE,TRUE
TTest_VarEqual.R,TTest_VarEqual,method,TRUE,FALSE,TRUE
BWS.R,BWS,method,TRUE,FALSE,TRUE
HFR.R,HFR,method,TRUE,FALSE,TRUE
Gastwirth.R,Gastwirth,method,TRUE,FALSE,TRUE
SmoothFixed_3_asymp.R,SmoothFixed_3_asymp,method,TRUE,FALSE,TRUE
SmoothFixed_4_asymp.R,SmoothFixed_4_asymp,method,TRUE,FALSE,TRUE
SmoothFixed_6_asymp.R,SmoothFixed_6_asymp,method,TRUE,FALSE,TRUE
BM.R,BM,method,TRUE,FALSE,TRUE
Normal.R,Normal,data,TRUE,FALSE,TRUE
Normal2Var.R,Normal2Var,data,TRUE,FALSE,TRUE
Cauchy.R,Cauchy,data,TRUE,FALSE,TRUE
Exp.R,Exp,data,TRUE,FALSE,TRUE
ghEqual.R,ghEqual,data,TRUE,FALSE,TRUE
ghEqualK.R,ghEqualK,data,TRUE,FALSE,TRUE
GLDLS.R,GLDLS,data,TRUE,FALSE,TRUE
Logistic.R,Logistic,data,TRUE,FALSE,TRUE
Normal_settings_new.RData,Normal,setting,TRUE,TRUE,TRUE
Normal2Var_settings_new.RData,Normal2Var,setting,TRUE,TRUE,TRUE
Cauchy_settings_new.RData,Cauchy,setting,TRUE,TRUE,TRUE
Exp_settings_new.RData,Exp,setting,TRUE,TRUE,TRUE
ghEqual_settings_new.RData,ghEqual,setting,TRUE,TRUE,TRUE
ghEqualK_settings_new.RData,ghEqualK,setting,TRUE,TRUE,TRUE
GLDLS_settings_new.RData,GLDLS,setting,TRUE,TRUE,TRUE
Logistic_settings_new.RData,Logistic,setting,TRUE,TRUE,TRUE
Yuen.R,Yuen,method,TRUE,FALSE,TRUE
CVM.R,CVM,method,TRUE,FALSE,TRUE